-7.27122882964429e-11+6.50179208409912e-09i,5.17942796321426e-09+3.43423282635534e-09i,2.46361259274744e-09+4.1486594317853e-09i,-1.42492100347824e-10+1.59028123986057e-09i,4.61559378168257e-10+1.84640994328772e-10i,-7.13634306369443e-09-2.44194440936029e-11i,-4.9627804666877e-09+1.34369082540695e-09i,5.7270847272052e-09-2.2016336455963e-09i,-9.77007588135084e-09+9.12155079584011e-09i,3.77151076068031e-09-1.53107640867776e-09i,3.16739617767505e-09+1.30953181644141e-09i,1.58999393580786e-09+3.57217894545489e-09i,-9.40269200400064e-10+3.59429582591727e-09i,2.16271022877201e-09-2.33087262364529e-09i,-4.13357752581303e-09-8.61640728574535e-10i,-4.97575294794438e-09+2.33134736162879e-09i,-2.81615339087127e-09-5.24979349027349e-09i,-8.1562175243567e-10-2.43219401455568e-09i,2.99757498219201e-09-4.39699827617878e-09i,7.88112466134234e-11+2.88379332833057e-09i,3.29539788847339e-09-5.45343999505014e-09i,2.07523011874232e-09-4.14364858282887e-10i,3.3791672959775e-10-1.0466341117257e-09i,2.6121226967337e-09+1.10822310280984e-08i,-6.80989458256436e-09+6.49794291550949e-09i,-5.56160502003704e-09-2.12889294381323e-09i,-7.04775871330615e-09+1.25229076785064e-09i,-2.68323465194456e-09-1.23335644785559e-09i,2.81313525369816e-09+8.96359167738352e-10i,-1.00242346874893e-08+1.6118213290435e-09i,5.81875950251147e-09+5.54805782205862e-09i,-2.33714921686848e-09-6.69586130244708e-09i
8.61904066925625e-09-1.48618156347137e-09i,2.01495266101251e-09-1.00130940100742e-10i,-2.12665997665733e-09+1.18193009628905e-09i,-3.75300400638476e-09+1.35316234910109e-09i,-5.72711121750836e-09+3.47704049571269e-10i,5.63225556856522e-09-9.49385364980981e-10i,2.38124846812826e-09+2.95878182749969e-09i,1.89141747537141e-09+6.2579822755316e-09i,-9.27249493461872e-10-3.7595898283438e-09i,-8.30551884010131e-10-4.72454816991638e-09i,-3.52091906081173e-09-1.14093125414958e-09i,-5.39443032649516e-10-3.21205072286348e-10i,2.93074316692251e-09-7.07706282378094e-09i,-2.77357008029263e-09-2.20796482453513e-09i,1.00030300491828e-08+3.91633058421894e-09i,2.67469302917938e-09+4.73629897595804e-09i,3.46240368383222e-10+4.71785966009344e-10i,2.80279652047983e-09+7.00673733682163e-09i,-6.44525679654397e-10-9.21158525288058e-09i,-7.27723042052107e-10-2.00530261471187e-09i,2.09553869375001e-09-2.35417195487419e-09i,-7.24557615670354e-10+6.87620455149233e-10i,-1.42121902535031e-09+1.38238500991351e-09i,2.8374037137708e-09+1.01644708601609e-09i,-5.89764876422796e-09+1.34407249848587e-09i,5.79395746068925e-09-4.78416337586434e-10i,3.44871691333169e-09-1.9484609507742e-09i,9.92918772997007e-11-4.90002859742825e-09i,-8.49862796115367e-10-3.45577049735002e-09i,2.18901297932451e-09-9.13008797468564e-09i,1.3924337502453e-11-2.47920554029829e-09i,-2.27819971589748e-10+4.44620120737313e-09i
1.025266560535e-09+3.635345394469e-09i,-4.28768924932965e-09+1.14615358497332e-09i,-3.58146065234573e-09-8.76610202031056e-09i,-1.08325693735006e-08-3.7945401241585e-09i,1.92581614524115e-09-1.13090309738309e-09i,1.77218604644955e-09-5.99881014908757e-09i,-1.92936416351588e-09-1.47454103406803e-09i,-4.25119804861246e-09-3.31271789955631e-09i,1.99165247392579e-09-2.5726343034148e-09i,7.54648106262687e-09-1.55003762693608e-09i,-1.00649361341989e-09+9.79473742940037e-09i,-2.79808653462841e-09+1.92413092005798e-09i,-3.77794959007597e-10-1.75042281109255e-09i,3.85306460555398e-09-3.29585747786661e-10i,-6.91809536606024e-09+6.26275133890317e-09i,2.56799788066661e-09-5.21937594514051e-10i,-3.99396433854898e-09+3.9276737982278e-09i,-3.95200562917834e-09-3.70784083441867e-09i,8.18825159749099e-09+6.66517842132971e-09i,-1.66197165405336e-09+4.85504475797895e-09i,5.19549388955412e-09-8.58065559785895e-10i,-4.59500829948866e-09+4.51852277808907e-09i,6.96196484731589e-10-3.12416682883697e-09i,-3.44091533953937e-09-3.65535533758621e-09i,-1.71643911540087e-09+7.33968911736721e-09i,-3.42380140981433e-10-1.93547920788628e-09i,1.17008283305131e-09-2.34256781604771e-09i,-1.03363807307607e-09-3.28225899336955e-09i,-1.70154135779782e-09+3.19960727013421e-09i,-4.87930615407039e-09+4.91424307837949e-09i,3.66831861349414e-09-4.67336036000408e-09i,3.4360931841704e-09+3.94995948222788e-09i
5.56286105811235e-10-6.24532569969818e-09i,-2.71238837382738e-09+1.08606664262173e-09i,3.63811489658344e-10+7.93523679856784e-10i,-1.54761267186121e-10+3.70783154088585e-09i,-2.06449435318373e-09-2.29310554326273e-09i,3.48500175090772e-09+2.58601149165208e-10i,1.16305990724293e-10-5.63953658738122e-09i,-5.59740847422672e-09+5.67976031867406e-09i,-2.89953492107039e-10-7.17934705326997e-09i,-2.16819102564953e-09-1.58678367316352e-09i,-6.23643154607462e-10+2.31504376150095e-09i,-6.64684280557639e-09+2.38183434657839e-09i,-7.29309961160083e-10-4.75869980419451e-11i,-3.37335744069878e-11-2.18254549780097e-09i,2.88654914334017e-09-4.43861456691136e-09i,1.50520732855257e-09+5.25622582634468e-09i,2.30031628848201e-09+3.16373649991254e-10i,6.08383939917591e-09+2.41459059394651e-09i,9.00949331175443e-10+3.68100474274698e-09i,-1.39040845437191e-09+1.30876300736275e-09i,-3.77576269198908e-09+6.94920502820257e-10i,-2.8783287286869e-09+4.6783975825724e-09i,2.94518785990368e-09-2.29457541986681e-09i,-2.78875869411891e-09-4.67348620859314e-10i,3.71913795452042e-09-3.74208682478309e-09i,1.01697067704705e-09+9.79049266843256e-10i,1.70403669002166e-09-2.57933139346369e-09i,5.06320654640613e-09+6.97658975706381e-10i,8.73585176581864e-10+4.99250452420939e-09i,-8.09640189871509e-09-9.04103951886066e-10i,7.19313451539575e-09+5.80610482993132e-09i,2.51997141258789e-10+5.09203103340801e-09i
-3.77924962491475e-10-3.32502660497122e-09i,-7.62187832455868e-10-4.9439472894877e-09i,-5.59310705423614e-09+3.05811122913532e-09i,-2.17481720202902e-09-1.38297656584937e-09i,5.62385376148788e-09+1.11804773251927e-09i,4.95308602911816e-09-2.12180447720293e-09i,3.25558906485699e-09-1.45630001745276e-09i,-6.39927391985367e-09+8.7367147513431e-09i,6.03675397527964e-09+1.27218712923102e-09i,5.20431541928506e-09+1.15918879160088e-09i,6.49122567949016e-10+2.15020804647081e-09i,1.29545231974735e-09-3.56172473997403e-09i,1.05319548314885e-09-1.19200812618963e-09i,2.71175298429389e-09+2.01477834975314e-09i,-4.96280374883912e-09-2.13195505370685e-09i,2.48356829466743e-09-4.85023540404196e-09i,3.98572365955251e-09+2.15324054643843e-09i,-7.22559420018648e-10+1.04179464848e-09i,-4.78366128905909e-09+8.15004871442777e-09i,3.34454573646734e-10-1.60803693622503e-09i,-5.64786942962651e-10-1.141225294402e-08i,-6.07342779563153e-09+8.82585939654568e-10i,-1.17896225501152e-09-2.25022125107344e-09i,-5.76858987770196e-10+7.03146607749105e-11i,2.81264161068448e-09+6.4974326987844e-11i,-1.04761437904956e-09-1.03340428847614e-10i,4.45752413599439e-09+4.50494027810912e-09i,-5.2876438021418e-09-3.37934364759392e-10i,5.28186197588231e-09+4.61599239809933e-09i,1.32388644272261e-09+1.44623342055159e-09i,-2.3322537083788e-09-8.64198119624867e-09i,-2.14912302278996e-09-6.25457726366064e-09i
-5.07796312787939e-09-1.41001597287536e-09i,-9.43105658832192e-09+7.68947624952329e-10i,-1.33856190134862e-09+5.03406520093441e-09i,-2.36965250658634e-10+3.9758471214519e-09i,2.43804760807188e-09-2.04353573607417e-09i,-8.99574090097082e-10+1.04756759556656e-09i,-3.13531571381448e-09-2.81381743826611e-10i,-6.64518782329794e-09-1.96149403337112e-09i,1.26857976303682e-08-3.18260955549523e-09i,-1.16734665079729e-09-1.30575312159803e-09i,-1.37216629502383e-10+4.71324203705085e-10i,-4.12102861760274e-09+5.06763706556224e-09i,-1.70666686646021e-09+4.71512842245475e-09i,2.6457058669482e-09-1.83844336380679e-09i,3.81392081960099e-10-6.51745243773798e-09i,-3.15939844233614e-09+6.18161026730688e-10i,-1.67223801813548e-09+3.98845226713953e-09i,-4.87361888995673e-09+5.416546423374e-10i,2.81168524184503e-09-6.06580223863058e-09i,-3.27987691237168e-09-1.02423006549831e-09i,-5.11349243292847e-09+2.60806913817232e-09i,5.42018554634342e-09+9.46211013503037e-10i,9.86874791792376e-09+3.70069235341262e-09i,-3.54404400091733e-09-7.54409546363719e-12i,-1.70605576922539e-09-3.11719248614391e-09i,-5.33045858499822e-10+3.10615721417543e-09i,6.71824578785004e-10+2.69873405356714e-09i,-7.68739291621359e-09-4.18616950661661e-09i,-1.75681883407737e-09+4.67141931682677e-09i,-1.50094836333048e-09+4.03267774863031e-09i,-6.69881302104785e-09+3.99022599271283e-09i,3.16880710069703e-09-3.35055891010417e-09i
6.29501390054064e-09+2.82903178178316e-10i,1.5289255866893e-09+4.53729920556086e-09i,-5.41277648649335e-09-4.40787113239073e-09i,-4.20705392932292e-10+1.39880262468175e-09i,-3.36054292852899e-09+6.06220854642201e-09i,-1.95506308443384e-09+8.45735230338272e-09i,1.72654435938318e-09+4.439178438641e-09i,-4.59878396439803e-09+5.02273444814986e-09i,3.41097404061771e-09+3.74929390165598e-09i,-6.58798002232149e-09+5.90776085108577e-10i,7.43909825785448e-10-3.03956640696616e-10i,6.7101395393751e-11-2.53297202392261e-09i,-4.36623802543006e-10+1.93887902096658e-10i,-1.24662243651497e-09+8.09105338941848e-09i,-1.79688976777264e-09+1.47785211409605e-09i,-1.21820197199704e-09+5.49106498166003e-09i,-3.36488630051835e-09+8.55654364837018e-10i,5.10730577430923e-09-3.62338165950932e-09i,-6.35950425252238e-09-3.86851660660085e-09i,-5.85242558807905e-09+2.44753598726968e-10i,-1.93749817063662e-09+1.8628610630046e-09i,6.01341588316683e-09+1.328223666945e-09i,9.8988125320083e-09-3.22162418201042e-09i,-9.0914157899891e-10-2.78788516521893e-09i,2.97344677589505e-09-5.63670662732031e-09i,-7.69857342684505e-10+8.49713958472061e-09i,2.47918644944593e-09+3.87057992673987e-09i,-3.45407978173586e-09+8.36997180172538e-09i,6.40000430827511e-10+2.067230035694e-09i,-5.03120351519107e-10-2.58466290783572e-09i,-3.09592865148355e-09-2.5267564654046e-09i,-1.27511525384062e-11+4.37434245749588e-09i
-5.15726670094898e-09+8.31065837477314e-10i,-7.13744456469939e-10-2.11166040260716e-09i,-7.27836019956097e-10+3.74750602781956e-09i,1.42116553903639e-09-2.79851088086328e-09i,1.44101263036597e-09+5.39670712013642e-09i,3.17057523412188e-10-1.28257794163755e-10i,-1.82481816595689e-09-2.7738813587531e-09i,2.80191912845657e-09+4.69113666725135e-09i,-3.73182170940202e-09+1.55877675840012e-09i,-1.10300787875235e-09+3.58930602597874e-09i,-2.63249442537924e-09-2.93994009811406e-10i,-1.88794897175858e-09+4.83710263753793e-09i,2.73905596082117e-09-7.48547374927229e-10i,-1.56449865650305e-09+3.5533612786287e-10i,9.95399782126654e-10+1.56368397988066e-08i,-3.30327658194184e-09-1.07725016908206e-09i,4.63285080239836e-09-4.84383287976206e-09i,4.67305567050255e-09-5.40876558864935e-09i,4.93713259666519e-10-5.94250023134776e-09i,1.21527259434702e-09+2.86171522737375e-09i,-3.96379535107874e-09+1.21473528702188e-09i,-5.5749191011852e-09-4.05436709427703e-09i,7.52135763565965e-09-6.42175514037561e-10i,-5.0160668954488e-09-2.33205453047273e-09i,3.81326360685315e-09-4.51403974897532e-10i,7.76774975432204e-09-3.85987515480132e-09i,-6.87789801169555e-09+3.8019843378803e-09i,8.01145079057263e-10+2.14846629755415e-09i,-7.87845409566669e-09-1.27323970580993e-09i,-2.59039670351901e-09+2.12833486590506e-10i,-3.5809689377004e-09-5.13641948643081e-09i,-1.4461390498102e-09-3.33059245351918e-09i
-1.95800403163715e-09+3.54689079772912e-09i,-6.49534180596953e-09-1.12489495268543e-08i,3.49632611871621e-09-1.56623417700578e-09i,-4.2407427832367e-09-5.14574851272854e-09i,-1.25899808405253e-09+4.70438124212012e-09i,6.85133529764142e-09+7.45914285606459e-11i,5.37309288702918e-09-5.1204161652695e-11i,-5.77036109802814e-10-2.8865714003485e-10i,1.29592392937309e-09-1.01835844804791e-08i,2.30292019195757e-09+4.48845107964114e-09i,6.47878922999356e-09-6.92957927603943e-09i,8.25537992689418e-10+1.60031728533002e-09i,-9.07399902903496e-09+5.09989793968793e-09i,5.89378549939748e-09-7.52710118625259e-09i,8.91417282401964e-09-7.00508089660783e-09i,7.83361116417776e-09-1.52835765684782e-08i,1.2614987201242e-08-1.07519231440918e-08i,1.22189836543499e-08-6.06577940393075e-09i,9.85113295932199e-09-9.98575918530209e-09i,9.36509157572554e-09-5.30037966540514e-09i,3.40981613139358e-09-4.72772319652449e-09i,1.15638117068263e-08-2.03172546147041e-09i,-5.25259934853539e-09+1.8108254359428e-10i,-8.86855973091263e-09+2.9425134106107e-09i,-5.54694974840675e-10+5.47258350230706e-09i,-4.09072451565727e-09+4.80520533026821e-09i,-3.6969788418064e-09-1.57513540413354e-09i,5.34962551503834e-09-3.0789243093876e-09i,3.52524547575783e-09-2.23592840898205e-09i,-8.95018952656415e-09+2.12405237491048e-09i,-2.00255053590564e-09+3.80946837072061e-09i,-5.55234280082745e-09-1.83854601976151e-09i
1.78267006680201e-09+3.88590017817084e-09i,4.2389431962937e-09+4.08110560316863e-09i,1.30470127419327e-09-5.98025477711892e-09i,4.17408990206286e-09+1.83436085687154e-09i,3.10777808304588e-09+4.01317405013175e-09i,3.05859305497533e-10-8.14480639799306e-09i,8.00222202696893e-09+5.63626062919389e-10i,-9.31880501766437e-09-5.67304217669505e-09i,-1.49638443612377e-09-6.41920780169128e-09i,-1.57319420732419e-09-5.68035130421483e-10i,1.39540935385639e-08+2.68459774268334e-10i,2.90641857701514e-09-1.70175763417497e-09i,1.14157768336379e-08-1.22385932532364e-08i,1.14248621906798e-08-1.82715016627935e-08i,6.09840127548484e-09-6.4033125774758e-09i,8.42063113034972e-09-1.04940492681587e-08i,5.2642852824742e-09-6.58627403463624e-09i,1.38501518127447e-08-1.55563516717089e-08i,1.40772422971557e-08-1.3593355263999e-08i,1.38046365188416e-08-1.14780076678152e-08i,1.47915121579352e-08-1.27242562228431e-08i,1.28692699782908e-08-8.41042806168659e-09i,-2.64660438547961e-09+7.3808648761068e-09i,6.20775347301471e-09+3.48115242132187e-09i,-8.90280895717093e-09+3.19775032326703e-09i,2.34589633705999e-09-8.94493623806895e-09i,-7.16390679137725e-10-7.20539110705828e-09i,-3.2720932750553e-09-3.22870758586003e-09i,-5.80793364683302e-09-4.75469803435126e-09i,-6.53428866847588e-09-6.13426365922043e-10i,-5.39118422651498e-09+4.55043885131224e-09i,-2.49437342854716e-09+6.01532885999326e-09i
5.70559249692152e-09+9.19096056811021e-09i,-1.33353176933231e-09-5.46766735288409e-09i,7.63978546854013e-09-4.47018352125029e-09i,-1.80293108075316e-10+1.08607742657524e-09i,-2.01000344623088e-09-8.49042152351742e-10i,-3.04208412123094e-09+5.55908610885068e-09i,-5.85149032150118e-09-4.85119757227215e-09i,3.49646281502718e-09-2.44449588169132e-09i,-3.88330680073072e-10+8.84540866750459e-09i,-6.37958509632185e-09+1.48720292313826e-09i,4.33528814677721e-09-1.39076231383228e-09i,1.66171164876518e-08-2.31524003388418e-08i,1.03183661922514e-08-1.58555884334301e-08i,8.23313420697099e-09-4.19693744004584e-09i,1.06511242039015e-08-1.29666133526238e-08i,1.11928099870425e-08-1.70028272047345e-08i,1.95315500960391e-08-1.23292182013177e-08i,1.33354221365943e-08-1.50403121139672e-08i,1.11551123244964e-08-1.07361377725069e-08i,1.02386167971358e-08-1.75379232930974e-08i,1.6443928623347e-08-1.48897902457258e-08i,7.30185802645278e-09-1.34587323474798e-08i,6.90246788100642e-09-2.96385794602007e-09i,-5.72314966526149e-09-2.33759273305581e-09i,4.43518640367296e-09-1.37072727915952e-09i,1.8994923754286e-09+8.3584254888497e-10i,8.0278859272318e-10+1.22864041671205e-09i,-2.81380089025984e-09+1.53957965010857e-09i,-5.68601598762461e-10-5.04848856798783e-10i,6.32156892761099e-09+3.87285547721856e-09i,-6.68605896288617e-09+5.66001520801369e-09i,5.85228458478138e-09-7.88170346001729e-09i
-4.38554383632843e-09+4.00265516189442e-09i,-2.99423080253155e-09+6.09404934497971e-10i,2.06162323856953e-09-6.03863725750565e-09i,1.06182852438265e-08-1.80125718741099e-09i,-7.08911124407772e-09+3.12009314051303e-09i,5.78387379819164e-09+9.98853283373414e-09i,1.5848923757601e-09-1.04444179993114e-08i,-3.77826040880139e-10+9.19569402970309e-09i,8.8026863317772e-09+5.14094345084196e-09i,-3.28173811976475e-10-3.07132279300513e-09i,3.9181266129618e-09-6.4549282910976e-09i,1.2829143052924e-08-4.20430838783699e-09i,8.96671633612473e-09-7.23315728323291e-09i,9.02283980756577e-09-1.99530265321302e-08i,1.93168467933766e-08-3.47987889632029e-09i,1.77621351680755e-08-1.37640646511848e-08i,1.1572973893506e-08-4.68098153430035e-09i,1.44212255818975e-08-1.28511832177914e-08i,1.08805949041131e-08-4.21913430161616e-09i,1.30409369472976e-08-2.06812395678411e-08i,1.90409094658805e-08-7.91749517663598e-09i,1.12567492994835e-08-1.9451740702673e-08i,1.16443394252085e-08-1.33214849105121e-08i,-3.53244698943165e-09-2.25788713778613e-08i,2.12238921275618e-09+2.69243660788183e-09i,-8.96021350231618e-09+5.06658744959326e-09i,-6.74610287808777e-09+8.97338738732875e-09i,9.65205350150351e-10+4.6646691633082e-09i,-6.3271138143437e-09-3.84513281761114e-10i,1.08728230367045e-08-8.23813547982132e-10i,2.65334808208093e-09-1.07228305502539e-09i,-1.68315039303621e-09-1.16671730839283e-08i
-1.25990762528637e-09+6.54370326276446e-09i,1.40358395113357e-08+6.88988082521354e-09i,-3.10061045450787e-09+5.95905048448596e-09i,5.08973217407847e-09+5.05708341480586e-09i,-1.76499934676037e-09+1.3573260512347e-09i,6.57834538513237e-09-4.3321105495309e-09i,7.98959616847736e-09+8.29831563270831e-09i,-1.66443877305739e-09-6.36600547123977e-09i,6.55686378885514e-10+6.35021185747794e-09i,1.01341407064198e-08-1.26326475298091e-08i,1.67696699998001e-08-4.92908147389099e-09i,9.55948681536177e-09-2.4408915794476e-09i,1.57817567702883e-08-8.04205004989749e-09i,9.43281800783354e-09-1.26563679642907e-08i,2.61097027200575e-09-7.39544057836697e-10i,1.60692444584385e-09+2.44030529890926e-09i,-2.02009183900776e-09-4.05218882352974e-09i,1.66568039480539e-08+3.94147787696453e-09i,1.70310124818367e-09-1.72193534513867e-09i,1.51043444268454e-09-8.29499149414841e-09i,1.0881860765653e-08-6.99588554724641e-09i,1.17986064304598e-08-8.47691305754652e-09i,5.87400991443833e-09-1.63014541608036e-08i,1.25700768865905e-08-2.00592060230881e-08i,5.76736792355349e-11-4.95499656001028e-09i,2.96355553573717e-10+7.41258164786812e-09i,-1.95582212178406e-09+1.60951924211108e-09i,1.36454684079063e-09+1.72034380092947e-09i,-2.98407918751081e-09-4.45379642278032e-09i,-4.96429361677941e-09-1.95701375846327e-09i,4.87700144469183e-09-3.15572301381425e-09i,1.58042908963851e-09-1.03596177785468e-08i
-4.94271108052166e-09-2.67919340185941e-09i,-5.60468420275039e-09+1.4658517750994e-09i,5.22820538389446e-09-6.33065914119243e-09i,-3.55693621517127e-09-4.58290771412592e-09i,4.4390126373664e-09-4.64287540806272e-09i,2.64122132176048e-09+7.99377703730226e-10i,-3.19031175527411e-09-3.84037060706006e-09i,-4.2263740595632e-09-8.88779325732896e-10i,6.03934275896487e-09+1.64794879163984e-09i,8.67820988099173e-09-8.83473368064861e-09i,1.22201031835984e-08-9.47070261648629e-09i,6.0621620272856e-09-8.73014924859872e-09i,1.06254257112014e-08+6.73226963646831e-10i,1.64027787713969e-08-6.33661458603065e-09i,1.14414306331835e-08+7.56121550595704e-09i,8.21318492728135e-09-4.93360028495803e-09i,1.59976116117419e-08-5.90820086301676e-09i,1.04127744040487e-08-6.83828729840123e-09i,3.95737049136179e-09+1.50141985863985e-09i,-1.3360906990019e-09-6.96987771093211e-09i,1.2159942610232e-08-1.59369295464489e-08i,1.55373271936163e-08-3.96716807937689e-09i,9.64621371892948e-09-8.49758740214286e-09i,5.49752164376347e-09-8.25058834871969e-09i,8.31288768853091e-10-5.16319536050772e-09i,-3.80046763643635e-09-3.69577619476627e-09i,-4.90703362095556e-09-3.67918383120713e-09i,-2.37564652035708e-09-2.73665343855376e-09i,6.69360785049375e-09+4.66120233745602e-09i,7.26946989586742e-09+7.189348697943e-09i,-1.25084616570648e-09+1.03530609507675e-12i,2.76881099174089e-09-6.00552549548322e-09i
-5.00843859317006e-09+4.7817369607799e-09i,-2.06677104181003e-10+2.20265805304267e-09i,3.69850429754867e-09+4.13887747482767e-09i,-1.07890139860286e-10+3.54306283763645e-09i,-1.03335258770667e-08-5.61590463902925e-09i,6.71848762737589e-09+2.77263302651948e-09i,7.54887388836533e-10+3.35286431067543e-10i,3.40563364640078e-09-1.09206210823953e-08i,1.06066089860925e-08-9.63286664752049e-09i,1.3562418632409e-08-1.86025429575237e-08i,1.04928158204807e-08-1.31734892793399e-08i,1.42427204146439e-08-7.02730292438656e-09i,8.70147786816067e-09-6.09332251380522e-09i,2.33953012234341e-10-9.46925810461687e-09i,1.40541566959515e-08-5.44192449758134e-10i,1.7841420493551e-08-1.22443369181447e-08i,7.62260972766606e-09-1.21870479307802e-08i,1.23223278583774e-08-9.90129989911054e-09i,1.29958077383135e-08-1.05680962080232e-08i,-2.1340873540192e-10+5.37426632493938e-10i,1.28744760221919e-08-9.5709271722395e-09i,1.32587485433431e-08-1.19600551037068e-08i,1.36074022443479e-08-1.39626984851718e-08i,8.27316417143137e-09-1.53577048807641e-08i,7.13845068730489e-09-1.29958895717361e-09i,4.31805127194065e-09+7.88517913569685e-10i,-4.84419728934383e-09+9.95075111150612e-10i,-1.22714603473821e-08-8.2629644932313e-10i,-4.395150887372e-09-6.63568858821099e-09i,-3.89716542420593e-09+6.48580846013641e-09i,1.0312606393787e-08+2.12941976626089e-09i,-1.6920810040445e-10+7.53037283974481e-10i
-6.31965604070844e-09-1.30593740387353e-09i,4.85389528233834e-10-8.8844339437889e-09i,-3.17893418737814e-09-7.24343985156251e-09i,3.81307296936986e-09-2.72884196013862e-09i,7.31633790613415e-10-1.9089366695325e-09i,-5.81599421878349e-09+7.4516846593927e-09i,-7.81862875871749e-09+1.18928862478059e-10i,-4.48781884327856e-09-1.70537300944064e-10i,-3.08190208903244e-10-2.78371780969559e-09i,1.30495948925596e-08-6.40178880803479e-09i,1.08966339456448e-08-7.51691184847061e-09i,1.20973810913602e-08-2.12317158254232e-08i,9.70708344210382e-09+1.15480818419798e-09i,1.2832187634642e-08-1.44815301966427e-08i,1.29720860780009e-08-1.30792182518175e-08i,1.09479580850474e-08-3.74599100256417e-09i,1.55436156210198e-08-5.36625972023165e-09i,1.11105555957766e-08-9.74138601616582e-09i,8.49250737195672e-09-3.81779970492252e-09i,1.76648152472282e-08-8.68442375622931e-09i,-4.11169218814534e-09+2.43489087641523e-09i,1.44044600566126e-08-8.53841384405046e-09i,1.22150658927138e-08-5.34184840495085e-09i,2.22164106876775e-08-1.22595373341173e-08i,6.87313135960071e-09-4.7248512290083e-09i,6.18729547232895e-09-1.66792763708522e-10i,4.24088286178024e-10-1.39428823139787e-09i,8.21623606016591e-10+2.45523592823909e-09i,-1.95559957642973e-09-5.43179342521656e-09i,5.67452325989049e-09+8.04409799870015e-09i,2.15426168088018e-09-3.44670267322981e-09i,-4.55957298334787e-09-5.50976697579354e-09i
4.7370143358448e-09+4.69256660267939e-09i,-6.75303858356136e-09-7.65864924880261e-09i,1.77961999331021e-09+1.71889475844411e-09i,-1.19937392684886e-10+1.1034268646539e-08i,-1.23524278639544e-09+8.92735880547932e-09i,5.68973332411772e-09+2.14196439903662e-09i,4.49649856166779e-09+6.57691835939593e-09i,-8.34434986488332e-09-4.60041806908567e-09i,9.39768832796798e-09-5.87153656469226e-09i,1.36987651137112e-08-1.55066403904198e-08i,1.15593459493715e-08-1.01670300282992e-08i,3.26150194914831e-09-4.29822046374196e-09i,7.46323009848033e-10+2.31804768444296e-09i,9.47822954074582e-09-1.25678447556403e-08i,4.80324381286281e-09-1.20282938021839e-08i,7.52431180338112e-09-4.36785985921805e-09i,1.34940314702538e-08-1.15426166309613e-08i,4.74749650136937e-09-1.38151152310669e-08i,5.53212576821653e-09-1.7834454373191e-08i,1.31553622676728e-08-1.01137044364442e-08i,-1.44802163196284e-09-7.84545890811588e-10i,1.53317573287547e-08-1.22092918679365e-08i,1.81103333390465e-08-7.29349247385123e-09i,1.42012932467274e-08-1.37733433249763e-08i,1.26609217762229e-08-8.40331971398567e-09i,6.256389933368e-10-2.27902689028203e-09i,9.5389856933847e-10+1.24948398022126e-08i,-2.36318544776809e-09+4.25490119663841e-09i,7.62747794760642e-09-8.48615814518132e-10i,-2.69633987951844e-09+2.84015560826532e-09i,2.30000949126917e-10-3.84941845829842e-09i,5.09051232668382e-09+3.52138063307317e-09i
4.88736186512776e-09+4.66758503907959e-09i,-2.60254853913667e-09+4.35212877082342e-09i,1.32405705406434e-08+2.16581729403957e-10i,2.83137207659035e-09+2.12074651625258e-08i,-1.59267082413683e-08+1.37111298385582e-08i,5.57191152040392e-10+1.54320310380084e-09i,1.7927423151334e-09-2.07527327693888e-11i,-4.6681210114264e-09-3.58603223348201e-09i,5.53119475707193e-09-1.77420258912994e-09i,2.11396466101516e-08-5.52293528202081e-09i,4.92410518579105e-09-2.28731840719454e-08i,7.36098471604599e-09-1.28926243147178e-09i,-5.70209647630291e-09+4.92734938916899e-09i,7.01552028797856e-09-8.17310232526924e-09i,5.90418170646814e-09-1.73551281064919e-09i,-8.10368286452748e-09-9.26124987082318e-09i,1.07316862078154e-08-2.21216426942428e-08i,1.45574589801322e-08-2.37686445960964e-09i,6.49971241431145e-09-1.43884184211815e-08i,4.77893896229177e-09-4.36859493853666e-09i,1.55036415478663e-08+2.25738435419115e-09i,3.23319767134424e-09-2.64723247887851e-08i,6.4806355836108e-09-9.91140557279981e-09i,1.49434101077466e-08-1.90456403556042e-08i,1.89360212021997e-08-5.26572459065564e-09i,1.26784425171956e-08+2.15676871926157e-09i,-1.02830195314222e-08+1.41804203937815e-08i,-7.54499960517243e-09+8.79013659516551e-09i,8.99788522694277e-09+1.13807124681662e-08i,1.99029747059007e-09+8.37914716470608e-09i,8.63123763802513e-09-1.73354975435024e-09i,-6.88478568144949e-09-2.64145940321254e-09i
6.02035603317842e-10-6.29795312488631e-09i,-1.32343586189202e-09-2.22574940786292e-09i,-2.77409714715919e-09+4.90615856038986e-09i,1.098767528757e-09+2.51907028802135e-09i,-9.6745989130831e-10-5.6532311728037e-09i,-1.06985837225936e-09-1.15788492073456e-08i,4.05579426773072e-09+7.44983796338267e-09i,4.51301623808674e-10+3.25940429915006e-09i,4.92505569156094e-09-7.24625755387475e-09i,4.71501677690257e-09-8.21698258132567e-09i,5.72562965101095e-09-1.09273033971615e-08i,1.89594858142879e-10+4.20584171163468e-10i,1.1017345934172e-08-5.17829631959777e-09i,9.38408592264236e-09-1.1616028075656e-08i,1.28149924860814e-08-9.40609204221166e-09i,1.38101431479632e-08-8.90258429116793e-09i,2.53076504072758e-09-8.46213088019307e-09i,1.18125179907031e-08-7.04822731620694e-09i,1.28221832235115e-08-9.32903545650382e-09i,6.19368794628077e-09-6.96813598529466e-09i,3.67344599159286e-09+5.08567101519206e-10i,1.45962969866794e-08-6.47966515814278e-09i,1.49888190910177e-08-1.21822570875595e-08i,1.79576482242634e-08-1.10666978309546e-08i,1.92736360332989e-10-7.97928458764741e-09i,-5.53657019263962e-09+2.78574923520002e-09i,1.99131167376837e-09-5.9807986628621e-09i,-4.19362958849481e-09+1.81503273637935e-09i,5.65550639177922e-10-6.34925776205016e-09i,-2.40762826326601e-09-7.92861465374769e-09i,3.51922301639155e-09+2.26744900500195e-09i,-9.90901046933211e-10+2.33921429723934e-10i
-2.02882580353528e-09+1.02433650171035e-08i,-4.87501188707756e-09-1.96516570719746e-09i,-3.72421142359825e-09+5.47097309823235e-09i,3.27756467723455e-10+2.51436822437508e-09i,-4.55210156613863e-09+2.66513607317077e-09i,-3.30300490178466e-09+3.75035794066211e-09i,-5.6866278904996e-09+5.1993652697417e-09i,2.36484421628156e-09+5.34882547018571e-10i,7.3857372351968e-09-1.11766445561298e-08i,1.62632742535103e-08-1.28905381644374e-08i,1.35917181999455e-08-1.0028761246058e-08i,1.30417537019766e-08-6.95362411424539e-09i,9.31331834090592e-09-4.5814900562747e-09i,5.51886465520725e-09-5.2233762785342e-09i,9.79463870737743e-09-1.12079174740349e-08i,2.1661336642503e-08-1.00021284417561e-08i,1.23447668857837e-08-9.32004145347097e-10i,1.9323235942046e-08-8.25724899058787e-09i,1.00664854774013e-08-1.14635735322531e-08i,2.58835287922257e-09+8.09888163342409e-09i,1.17878578655269e-08-6.01385347689068e-09i,1.05868096702781e-08-1.81572334293075e-08i,9.30947652419942e-09-1.29407028490143e-08i,1.77833648053922e-08-3.78326346555718e-09i,6.85107302685697e-09-7.80515801624707e-09i,-4.1255826010516e-09+1.34834063964242e-09i,-2.06627846644609e-09+2.53891051171242e-09i,-4.52534105182269e-09-1.78396834312478e-09i,5.51849765224326e-09+1.55807956862222e-09i,7.45493983260122e-10+4.08071794346913e-09i,-1.23980947817446e-11-8.89243190764227e-10i,5.97247046161162e-10+2.16696877599113e-09i
2.45029407030404e-09-2.38540618245287e-09i,-4.20158757081032e-09+3.41262371928131e-09i,-1.1469146591954e-09+1.60192648806896e-10i,-2.05047120056193e-10-2.04617455026341e-09i,7.13148111536285e-09+2.16951313133419e-09i,-7.26717402991266e-10-7.44245355646424e-09i,1.16716330530414e-09-2.80709351698083e-09i,-1.07953690724124e-08-5.56077897984868e-09i,1.89243525866758e-09-2.03587510200298e-09i,1.45777117766423e-08-8.82511565143905e-09i,9.1660044180349e-09-8.12822679070579e-09i,1.89875117460094e-08-1.20888422291505e-08i,8.55245367848579e-09-2.03789589564863e-09i,-5.21741513292082e-09-3.16283108413605e-09i,2.01097314118281e-08-8.49794148291377e-09i,1.79885140163014e-08-4.71974533987937e-09i,1.18421000587222e-08-1.61548955916953e-08i,1.46096315418087e-08-7.06857792280089e-09i,5.81067852283852e-09-1.05735975193333e-09i,5.88255228222079e-09-1.8649215816205e-09i,8.96187040240256e-09-1.22906357840828e-08i,1.6650263937145e-08-4.65080954740709e-09i,1.04489268038407e-08-1.16756926300842e-08i,6.19162368568392e-09-3.9770044037049e-09i,-1.3033114783922e-09+4.52630321046662e-09i,-1.21329653226514e-09-3.51389527050966e-09i,-2.69331983617925e-09-5.30397643596663e-09i,1.77379169891905e-09+1.53796820948044e-09i,5.366987106072e-09-5.14247767580613e-09i,4.64265650437179e-10-2.27513973639416e-09i,1.09465948973344e-08-4.48442023870353e-09i,4.06181213810699e-09+1.11005390561673e-10i
-4.6536877481538e-09-9.51169565448278e-09i,-2.19807075316717e-09-6.11064922172025e-09i,6.66962499000966e-10-4.57384125565046e-09i,-2.72030586214647e-09+1.53371596065136e-09i,-3.13180710788077e-09-7.00929819990302e-10i,-2.93944555549697e-09-1.40375164848615e-09i,-2.63879313814945e-09+1.80148221018356e-09i,-1.00438851104337e-09+7.28871450620155e-09i,-1.37678566534203e-09+6.87349439618767e-09i,1.31159634028229e-08-7.61228073690273e-09i,1.2356438032262e-08-1.06366879939647e-08i,1.13218833832333e-08-8.57677462745393e-09i,1.91535654713466e-08-1.1452057983203e-08i,6.70810894144503e-09-3.713589504486e-09i,-4.67786133662473e-10+8.27166367529153e-09i,8.62273509970955e-09-4.80302504539572e-09i,-4.68681926647955e-09-3.92545832369182e-09i,3.61722219764848e-09-7.00689368503334e-10i,3.7551704610005e-09-3.69518233692464e-10i,1.46175592446632e-08-7.97322922383437e-09i,4.79327604941605e-09-1.75800931022237e-08i,3.40926163752053e-09-9.66832738031403e-11i,4.8073565353532e-09-1.51218012141393e-08i,4.86016015837861e-09-2.87457948894935e-10i,-6.12420358608056e-09-1.00960804087606e-08i,3.5541546459971e-09-8.20465851919583e-09i,4.15258428978656e-09-1.4497988355219e-09i,6.05143022365462e-09-2.37058592531749e-09i,1.43149562560584e-10-5.98324026543629e-09i,-8.46562850834955e-09-5.19248648129126e-09i,-1.61162762017008e-09+3.35997997855335e-09i,1.68325674310721e-09-8.88063671710213e-09i
-9.35649462818733e-10-1.38284607528025e-10i,1.01444216248876e-09-3.12985591935596e-09i,8.21476275331602e-09-2.37727479063058e-09i,2.12817073676734e-09+5.68039844225223e-09i,1.96978037692468e-09+1.00945309518443e-09i,2.52549201139891e-09-4.82924135537078e-09i,-6.3239325529425e-09-1.45499103090529e-09i,-3.17965879368933e-11-3.1188878580889e-09i,5.03379999554356e-09+1.424385744461e-09i,6.2995364919652e-09-2.28404990876138e-09i,1.49698122581196e-08-7.3707972771297e-09i,1.40616536046365e-08-1.08662068757641e-08i,1.01170271760916e-08-1.27248044096986e-08i,1.56282646427209e-08-1.52816971402083e-08i,1.16509180138687e-08-1.02398143027329e-08i,9.29824255194877e-09-1.91556644101552e-09i,9.06492157854748e-09-4.4668523985183e-09i,1.15553963260372e-08-2.05783525137891e-08i,1.25959625942474e-08-1.77601386143521e-08i,1.28671368490924e-08-6.69722070432831e-09i,2.12015309993251e-08-7.66537970351983e-09i,9.72841836733724e-09+1.40111959600736e-09i,4.52324143630024e-09-7.79318183721463e-09i,-3.44507180292566e-09+2.59663902354251e-09i,7.0408252259032e-10-4.69457052114448e-09i,1.44117353326026e-09+5.43056203758086e-09i,2.80798355713398e-09-5.06751588233125e-09i,2.97787525927789e-09+6.77510903475011e-09i,-4.98860930138933e-09-6.77164309853292e-09i,4.59926294753918e-09+4.39622673086454e-09i,-1.58200173495651e-09+4.51248051737936e-09i,1.29585678636115e-09-3.19471808699919e-09i
5.16255774791134e-09-7.71012249802988e-09i,-4.93902580402911e-10-1.24790626042845e-09i,-9.70909185650622e-09+5.09011041105317e-09i,-7.25443352187151e-09-3.15985750557242e-09i,8.17988264303835e-09+7.24263682128397e-09i,-4.36459119263377e-09-5.95061339619104e-09i,7.51027995552857e-09-6.91577683997681e-09i,-4.72061709172331e-10+4.80297552515761e-09i,-5.93634318393732e-09+7.16449267587707e-09i,4.34127573832464e-09+1.01774713858426e-09i,7.76706943864365e-09-1.04030008040519e-08i,1.79673783680784e-08-1.08323695737616e-08i,5.55877063203322e-09-8.95982946805053e-09i,1.10636009881719e-08-4.97293849190325e-09i,7.08424010301728e-10-1.8856130749581e-08i,9.6173030982258e-09-5.10376608859176e-09i,1.12384578266308e-08-1.90100553604145e-09i,6.36312704669769e-09-8.04615123935641e-09i,3.8328009174649e-09-7.02860046988101e-09i,1.66836466736107e-08-4.70537388711873e-09i,9.99551982818395e-09-1.68453239517895e-08i,2.0313035088427e-09-1.14525430978443e-08i,1.16285172164769e-09+1.59980785595411e-09i,-2.50773488916004e-09+1.67384389515213e-10i,6.4056191599713e-09-8.35420627297938e-09i,-7.11359150207017e-10-2.03454990030828e-09i,2.48117855084125e-09+4.74657362615254e-10i,6.41211899081843e-09+8.1366701493326e-10i,-1.18009309587382e-09+3.46900387390331e-09i,-6.83955866988917e-10-1.02881782411693e-08i,-4.76496720921093e-10-4.53658290428805e-09i,-5.67552334431326e-09+5.04533968607803e-09i
2.65648386163104e-09+2.36943236727757e-09i,-1.01116321230156e-09-6.24109728169305e-10i,4.12976258789084e-09-9.21349799049245e-09i,-3.57385208893802e-09-4.4005031057053e-10i,-4.16619430353438e-09+3.08717609277647e-09i,5.55551434924877e-09-4.15952621157717e-09i,4.76844001750839e-09-2.46495575391315e-09i,6.2914178314e-09+1.3964299950483e-09i,-1.0990166624899e-08+3.72502291369889e-09i,-2.60177269300792e-09+4.77228631194917e-09i,1.36756471914778e-09-4.18553989435946e-09i,7.03469005689628e-09+4.82852963225721e-10i,3.10467598581206e-09-1.05205613487982e-08i,1.09566618749884e-08-5.06130614586711e-09i,1.14001203595715e-08-7.3561024298828e-09i,8.66867393850975e-09-6.64069573177746e-09i,1.14679636203304e-08-1.8314702798048e-08i,1.94950553936921e-08-7.58797651033932e-09i,8.61008395153595e-09-6.94708187006268e-09i,1.33386127172288e-08-4.50950460777479e-09i,4.17516500871393e-09-1.25283246642953e-08i,-8.84291570791611e-09+2.34372880355536e-09i,1.5523870132608e-09-8.61100861790872e-10i,-1.49659529391479e-09+8.37144978974456e-10i,9.1387507117355e-09+1.98426095622625e-09i,3.55654991194293e-09-1.07971530372115e-09i,-2.2223762418472e-09-7.26400243069424e-09i,-6.98274900816542e-09-4.84224752191563e-09i,2.62318549721767e-09+5.22253685479149e-10i,-5.56650775815926e-09+6.48633803203609e-09i,-2.46040978792447e-09-4.95217148819376e-09i,-1.35010836199909e-10+3.24336425336706e-09i
-1.0509157678492e-08-9.77580205789367e-12i,-5.74501746826123e-09-3.09739473179322e-10i,3.15724059711005e-09+3.76097721468408e-09i,7.88838958918247e-10+2.22454341633108e-09i,-4.94025653471964e-09+1.54364476837024e-09i,4.57744681366333e-09+1.39501691862657e-09i,-2.76770151058681e-09-8.92059177275382e-10i,3.53672499133009e-09-4.13383791956364e-09i,1.05740886863193e-08+1.03901419941673e-09i,-7.95255282400318e-09-3.18167687033442e-09i,4.79638325049426e-09-2.74007285709538e-09i,4.73110771196965e-09-6.35348818378214e-09i,-3.31818710840365e-09-8.29975981284265e-09i,7.02257108835344e-09-4.76897147963568e-09i,1.0782066196443e-08-8.98601376738771e-09i,1.72628040692906e-08-1.19334189683638e-08i,1.25780467352085e-08+1.38135987287313e-09i,1.04537734991875e-08-7.9552032791078e-09i,1.61890284376989e-08-1.19164382100539e-09i,-1.74323654394154e-09+1.99800176297312e-11i,2.97312491020376e-09+2.5190337888998e-09i,2.17935092918424e-09-7.75747988713211e-10i,-5.05575759729258e-09-2.03660962531577e-09i,-8.84784452648512e-09-2.12569365257234e-09i,5.39314185624173e-09-5.63342519049542e-10i,-8.67502349497241e-09-1.62045857070501e-09i,-1.44854384400249e-10-1.44007875540223e-10i,4.11716255502463e-09-1.52638206929834e-10i,4.3620696744611e-09+1.410645745813e-09i,7.99377542803178e-10-7.61314237585692e-09i,2.42299000049338e-09-5.1276871219344e-09i,-2.95597095168405e-09-2.18130266583131e-09i
-1.4938738866321e-09+2.48723309153879e-09i,4.06059726813975e-09-3.68292022621298e-09i,-3.07299404105383e-09+5.18005934707211e-09i,-8.69098379027222e-10+2.21805555071513e-09i,3.39345395970927e-11-1.17518995024792e-10i,6.83058425418091e-10+2.74191394937576e-09i,-4.76409874101973e-09+2.20227268217254e-09i,-4.10092901005584e-09+9.88198483808453e-09i,2.99210887432238e-09-3.36698682226066e-09i,7.32888247415368e-09+4.45804102656672e-09i,-1.75742245714774e-10+2.09572270830425e-09i,3.36677618234643e-09+1.50220070459402e-09i,-4.63019526354394e-09+5.60228226305483e-10i,4.66026155945479e-09-1.98659521746937e-09i,-1.0046937632519e-09-6.96371025487828e-10i,5.17581767875421e-09-1.56426995694264e-09i,2.36834069837555e-09-3.81550928982921e-09i,-1.54990158286473e-10+3.44475142069657e-10i,5.23458652651681e-09-3.86374817453118e-09i,-2.9366799138329e-13+3.94448817863138e-09i,7.92031864329896e-09-2.69834583749789e-09i,-2.77199095297086e-09-1.86162597933742e-09i,-3.57349932595767e-09-4.85377116571546e-09i,-2.15439051820111e-09+5.54757983362913e-10i,-4.65779513690676e-09+2.39329581681111e-09i,-4.54821443208677e-09-1.91189260501454e-09i,1.24181282866383e-09-3.77305158244586e-09i,2.38610825809682e-09+2.11720286001454e-09i,6.64447934190539e-09+5.38243280392091e-10i,-3.61470000544462e-09+2.20678679413364e-09i,4.53005483985572e-09+2.83298096131587e-09i,-2.14012215354626e-09+2.62815971340128e-09i
-5.50653786077447e-09+5.21836973530655e-09i,3.21936768098909e-09-2.80942802043474e-09i,7.180505570115e-09-4.28700906803531e-09i,-2.63867546369698e-09+2.27719914319798e-09i,-1.32577889032298e-09-2.59949370036392e-09i,-1.84539385089387e-09-5.06050331731578e-09i,1.94135614675011e-09-6.02123014820918e-09i,5.84044851175449e-10+6.73770666303333e-10i,4.89601576847944e-09-2.93577170745348e-09i,9.4798591510919e-10+4.27279264368993e-09i,-8.00948580284135e-09+1.87674069681979e-09i,-1.80774614871557e-09+1.9442222680589e-09i,5.71982866550571e-09-1.26999079334722e-08i,3.02948715862727e-09-6.76244293060362e-09i,-6.02087723794754e-09+1.10091484143002e-09i,-5.90851977310556e-09-5.2240941678953e-09i,1.4445342164492e-09+7.41140199885932e-10i,6.3612180162315e-09-1.42657740397542e-09i,1.6653728871459e-09-7.32277075387273e-09i,-3.71756696139564e-09+2.05701920351377e-09i,2.98550969884706e-09-4.16843092685697e-09i,3.64277132437177e-09-3.18159615101845e-10i,2.63968158957351e-10-2.66956745306436e-09i,1.42155001995488e-09-1.62463165611907e-09i,-2.75649965513104e-09+5.29588943367459e-09i,5.73904507857117e-09+2.99415210270905e-09i,-3.66353316753424e-09+4.70852424138729e-09i,-6.42149380570344e-09-4.9794031688154e-09i,4.88822288521411e-09-8.98053915893459e-10i,-1.09067447764477e-09+8.39534622551236e-09i,5.7771774591617e-11-2.26708490453335e-09i,-3.67264373459735e-09-8.45096594150092e-11i
1.35731464226228e-09+6.64898067727797e-09i,3.61476570834262e-09-3.17966854501612e-09i,1.70507008858735e-09+2.36443614366817e-09i,-5.76933807649728e-09-4.21177215399679e-09i,-1.02444551666252e-09-5.43103456757944e-09i,3.08494415523543e-09-3.48785731757098e-09i,2.63146703561308e-09+3.2751044293145e-09i,-2.86504491600333e-09-2.54766220423816e-10i,-3.73844361550957e-09-2.24184507897662e-10i,3.89075009262117e-09+1.35738783316101e-09i,-7.09411079527617e-10-1.01260730976963e-09i,4.89419707655864e-09-1.60656475934611e-09i,5.45916690713527e-09+1.14474643277442e-09i,-1.84997025358924e-09+8.14593937386038e-09i,3.39513458466902e-09-2.35659697564467e-09i,-9.68815851199669e-10-4.73350241112106e-09i,-4.17986100728628e-09-2.15500335538343e-09i,-2.92282144621282e-09-5.71424460291302e-09i,2.40416620319737e-09-2.3636428120305e-09i,3.51819751660652e-09+3.00794393914621e-09i,-5.26408750677531e-09+3.23756714724937e-09i,-4.10616223660218e-09+2.09015768777403e-09i,-3.89881168422201e-10+3.09460794998438e-09i,-1.58037608913128e-09-6.1251718383767e-09i,6.64439298051242e-10-3.19043770311867e-09i,5.51239399435814e-09+1.39547755820427e-09i,9.02544540887853e-09+1.3178587758067e-09i,2.52508739066961e-09+1.64193392991532e-09i,-1.82205178763921e-09-1.9307996888185e-09i,6.37243269855787e-10-5.85323634739476e-09i,1.94048154895585e-09+3.07098563176992e-09i,2.70143488778914e-09-4.05130697753885e-09i
-8.40553098392189e-10+4.88494227827056e-09i,-1.04055221822646e-09+1.79722270831706e-09i,7.66536900481414e-09+2.41944399149342e-09i,2.79773133754346e-09+4.07496734419696e-09i,-4.01092603629498e-10+8.84453629216405e-10i,-3.84855016160008e-09+1.20177519690328e-09i,3.43881542989931e-10+1.3982887879746e-09i,3.26349151925202e-09+4.38309964061792e-09i,1.30168433620231e-09+1.67250665141805e-10i,4.09527113432178e-09+5.99413866842585e-09i,-5.54166058011801e-09-7.10993737708839e-09i,2.61812909491051e-09-3.81475711302241e-09i,-2.860905169695e-09+6.74554068367305e-09i,8.07683953432164e-10+5.05768947322618e-09i,2.76629894765315e-09+2.16901069329535e-09i,-3.37762986538973e-09-3.91791755171408e-09i,1.8843883600446e-09+2.54364616114639e-09i,-2.45461505544278e-09+1.19155406094901e-09i,7.39721708429404e-09+2.74351518014243e-09i,-4.01710308230445e-09-9.57839824337602e-11i,3.38512106734893e-09-1.63803941759267e-09i,-2.0852258470978e-09-3.74788562714366e-09i,-2.93299080902068e-09-6.67478841957064e-09i,-1.30420963807323e-09-3.82717698369658e-10i,3.99809829911558e-09+2.48303276862453e-09i,-2.95333046053641e-09-9.10394000912206e-10i,1.71817450713987e-09+6.78889181213918e-09i,3.05678867605457e-09+5.74449609557009e-10i,5.15142880098948e-09-2.950359757371e-09i,6.51558036345043e-10+8.29152681170669e-10i,-6.78993873498148e-11-3.3347303100981e-09i,-6.76344903081495e-09+5.09603900034046e-09i
-3.44170718632825e-09-8.17270050268576e-09i,5.18460889689832e-10+4.43250996997188e-09i,-5.61290440614981e-09+3.61022344289498e-09i,-2.94034745296045e-09+2.10797518813572e-09i,-7.80631346522615e-09+3.07621026958584e-09i,1.83103048545455e-09+2.40391670202008e-09i,-4.92534473613428e-10+1.41791791816357e-09i,-2.27538580769912e-09+4.92170678920142e-09i,-1.666963165848e-09+3.99361045338517e-09i,2.8184077153082e-09+2.38011440359937e-09i,1.47656347171276e-09+2.49000786302852e-09i,-2.18389147097139e-09+4.32963758296175e-09i,-3.31908469521307e-09-9.26601527008718e-10i,-4.39954106746599e-09-5.2433644239382e-09i,3.55337152570896e-09+1.72086363149613e-09i,3.63898609838886e-09-2.39894822900809e-10i,-4.27332012000802e-09+1.27712728520253e-08i,-1.95381231200192e-09-4.07819249436943e-09i,2.86040965254522e-09+2.72671111504164e-09i,-2.91443132675512e-11-2.87096675209328e-09i,4.95540447899017e-09+1.52872035264599e-09i,-6.10374969447216e-10-4.48599925975661e-09i,8.38452327165458e-10-1.49316128532731e-09i,-1.72081157702033e-09-2.92296463451815e-09i,-2.21215431392569e-09+9.73919178109503e-09i,-6.07972229683431e-09-1.36788979274416e-09i,3.19933860646423e-09-1.12756195807198e-09i,4.90587507471619e-09-1.19142292207795e-09i,-1.75564211866917e-09+1.94902273841051e-09i,4.84455322627362e-09-5.53800015641179e-09i,-5.62971186788448e-09+2.90027959960493e-09i,-2.28222094527435e-09-2.20067689496804e-09i
-6.79997873838826e-11-3.43339674636713e-09i,2.58160546188618e-09+1.49835942552962e-09i,-4.91025231891024e-09+4.53464773640602e-10i,-5.58011088228644e-10-4.00879978284165e-10i,2.8952137327209e-09-1.68335720165159e-09i,5.05515665290898e-09-4.72362387433197e-09i,1.83033613214521e-09+6.90008147501732e-09i,2.97820483713255e-09-6.24860245345859e-09i,-2.0757880619615e-09+4.63818855036753e-10i,-3.40314983134074e-09-1.81989527045094e-09i,-1.63573597763654e-09+2.53426242314012e-09i,-3.8589779292622e-09+3.37259004889376e-09i,1.27436018359852e-09-2.66028363021778e-09i,-3.570720822299e-09-4.78493975130198e-09i,1.52362464335268e-09+4.44210878889776e-09i,-4.41117860825836e-09-3.35977524700661e-09i,-3.24561933453248e-09-2.50329131269383e-09i,1.97250713801519e-09-2.73841528116158e-09i,1.09122810502561e-09+4.90891110419373e-09i,-5.44661755773927e-09-4.86798676755888e-09i,3.77399351576401e-09-3.34852530262764e-10i,1.38180503216084e-09-2.81257081806712e-10i,9.64424073561321e-10+2.65270810189557e-11i,7.36939128688147e-09+1.09351602985747e-09i,-8.93991347340958e-10+4.83215595564777e-10i,2.78311216408236e-09-8.45593943542161e-09i,1.96297573475538e-09-4.98511352185135e-10i,-9.45472087026646e-11-3.94890225411852e-09i,-1.74931032690743e-10-2.94156958501791e-09i,-3.45192244036926e-09+3.58652280184062e-10i,1.13083728168683e-09+1.20961003796172e-09i,-5.69278908913924e-09-6.40017585963253e-09i
